Species,Cluster,Population,Latitude,Longitude,LTRS,WNT,EN,EF,ZMP,AML,ATPS,MP20
Peninsula,NBP-C,88,29.32541,-114.29353,1:1,,2:4,1:2,,,9:9,7:7
Peninsula,NBP-C,88,29.32541,-114.29353,1:1,1:3,1:1,1:1,1:1,8:9,9:9,7:7
Peninsula,NBP-C,88,29.32541,-114.29353,1:1,1:3,1:1,1:1,1:1,8:9,9:9,5:7
Peninsula,NBP-C,88,29.32541,-114.29353,1:1,1:1,1:2,1:1,1:1,8:9,9:9,7:7
Peninsula,NBP-C,88,29.32541,-114.29353,1:1,1:3,1:2,1:1,1:1,8:9,9:9,5:5
Peninsula,NBP-C,88,29.32541,-114.29353,1:1,1:1,1:2,1:1,1:1,9:9,9:9,7:7
Peninsula,NBP-C,88,29.32541,-114.29353,1:1,1:1,1:2,1:1,1:1,7:9,9:9,5:7
Peninsula,NBP-C,88,29.32541,-114.29353,1:1,1:1,1:2,1:1,1:1,7:7,9:9,5:7
Peninsula,NBP-C,88,29.32541,-114.29353,1:1,1:3,1:2,1:1,1:1,9:10,9:9,7:7
Peninsula,NBP-C,88,29.32541,-114.29353,1:1,1:1,1:1,1:1,1:2,7:8,9:9,7:7
Peninsula,NBP-C,9,29.01457,-113.94486,1:1,1:1,1:2,1:1,1:1,6:9,9:9,7:7
Peninsula,NBP-C,9,29.01457,-113.94486,1:1,1:1,1:2,1:1,1:1,9:9,9:9,7:7
Peninsula,NBP-C,9,29.01457,-113.94486,1:1,1:1,1:2,1:1,1:1,9:9,9:9,7:7
Peninsula,NBP-C,9,29.01457,-113.94486,1:1,1:1,1:2,1:1,1:1,6:6,9:9,7:7
Peninsula,NBP-C,9,29.01457,-113.94486,1:1,1:3,1:2,1:1,1:1,9:9,7:9,5:7
Peninsula,NBP-C,9,29.01457,-113.94486,1:1,1:1,1:1,1:1,1:1,9:9,9:9,7:7
Peninsula,NBP-C,9,29.01457,-113.94486,1:1,1:3,1:1,1:1,1:1,9:10,5:9,7:7
Peninsula,NBP-C,9,29.01457,-113.94486,1:1,1:1,1:2,1:1,1:1,7:9,9:9,7:7
Peninsula,NBP-C,9,29.01457,-113.94486,1:1,1:3,1:1,1:1,1:1,9:9,9:9,7:7
Peninsula,NBP-C,84,28.96651,-113.66787,1:1,1:3,1:1,1:1,1:1,9:9,9:9,5:7
Peninsula,NBP-C,84,28.96651,-113.66787,1:1,1:1,1:1,1:1,1:2,8:9,9:9,5:15
Peninsula,NBP-C,84,28.96651,-113.66787,1:1,1:1,1:2,1:1,1:1,7:9,7:9,7:7
Peninsula,NBP-C,84,28.96651,-113.66787,1:1,,1:1,1:2,,,5:9,7:7
Peninsula,NBP-C,84,28.96651,-113.66787,1:1,1:1,1:5,1:1,1:1,7:7,9:9,7:7
Peninsula,NBP-C,84,28.96651,-113.66787,1:1,1:1,1:1,1:1,1:1,9:9,9:9,7:7
Peninsula,NBP-C,84,28.96651,-113.66787,1:1,1:1,1:2,1:1,1:1,7:9,9:9,5:5
Peninsula,NBP-C,84,28.96651,-113.66787,1:1,1:1,1:2,1:1,1:1,9:9,9:9,5:7
Peninsula,NBP-C,84,28.96651,-113.66787,1:1,1:3,1:5,1:1,1:1,9:9,7:9,7:7
Peninsula,NBP-C,175,28.72796,-113.48973,1:1,1:1,1:2,1:1,1:2,8:9,9:9,5:7
Peninsula,NBP-C,175,28.72796,-113.48973,1:1,1:1,1:2,1:1,1:1,9:9,9:9,5:7
Peninsula,NBP-C,175,28.72796,-113.48973,1:1,1:1,1:1,1:1,2:2,9:9,9:9,5:5
Peninsula,NBP-C,175,28.72796,-113.48973,1:1,1:3,1:1,1:1,1:2,6:9,9:9,7:7
Peninsula,NBP-C,175,28.72796,-113.48973,1:1,1:1,1:1,1:1,2:2,8:9,9:9,5:7
Peninsula,NBP-C,175,28.72796,-113.48973,1:1,1:1,1:1,1:1,2:2,8:8,9:9,7:7
Peninsula,NBP-C,175,28.72796,-113.48973,1:1,3:3,1:2,1:1,2:2,9:10,9:9,5:7
Peninsula,NBP-C,177,28.66056,-113.99141,1:1,1:3,1:1,1:1,2:2,7:7,9:9,5:7
Peninsula,NBP-C,177,28.66056,-113.99141,1:1,1:1,1:1,1:1,2:2,6:9,9:9,5:7
Peninsula,NBP-C,177,28.66056,-113.99141,1:1,1:3,1:1,1:1,2:2,7:9,9:9,7:7
Peninsula,NBP-C,177,28.66056,-113.99141,1:1,1:3,1:1,1:1,1:2,6:8,9:9,7:7
Peninsula,NBP-C,177,28.66056,-113.99141,1:1,1:1,1:1,1:1,2:2,8:9,9:9,7:7
Peninsula,NBP-C,177,28.66056,-113.99141,1:1,1:3,1:1,1:1,1:1,9:10,9:9,7:7
Peninsula,NBP-C,177,28.66056,-113.99141,1:1,1:3,1:2,1:1,1:1,9:9,9:9,7:7
Peninsula,NBP-C,177,28.66056,-113.99141,1:1,1:1,1:2,1:1,1:2,6:9,9:9,7:7
Peninsula,NBP-C,177,28.66056,-113.99141,1:1,1:1,1:2,1:1,1:1,9:9,9:9,5:5
Peninsula,NBP-C,177,28.66056,-113.99141,1:1,1:1,1:2,1:1,1:1,7:9,9:9,5:8
Peninsula,NBP-C,173,28.40846,-112.86985,1:1,3:3,1:1,1:1,2:2,8:8,7:10,7:7
Peninsula,NBP-C,173,28.40846,-112.86985,1:1,3:3,1:1,1:1,2:2,9:9,9:9,7:7
Peninsula,NBP-C,173,28.40846,-112.86985,1:1,3:3,1:1,1:1,2:2,7:8,9:9,5:7
Peninsula,NBP-C,173,28.40846,-112.86985,1:2,3:3,1:1,1:1,1:2,7:9,9:9,5:5
Peninsula,NBP-C,173,28.40846,-112.86985,1:1,3:3,1:1,1:1,1:1,7:8,9:9,6:7
Peninsula,NBP-C,173,28.40846,-112.86985,1:1,3:3,1:1,1:1,2:2,7:7,7:9,5:7
Peninsula,NBP-C,173,28.40846,-112.86985,1:2,3:3,1:3,1:1,1:1,7:7,7:9,5:7
Peninsula,NBP-C,173,28.40846,-112.86985,1:1,1:3,1:1,1:1,2:2,8:8,9:9,5:7
Peninsula,NBP-C,173,28.40846,-112.86985,1:1,3:3,1:3,1:1,1:2,8:9,9:9,4:7
Peninsula,NBP-C,173,28.40846,-112.86985,1:1,1:3,1:1,1:1,2:2,8:8,9:9,6:7
Peninsula,NBP-C,171,28.22308,-113.18263,1:1,3:3,1:1,1:1,,8:9,9:9,5:6
Peninsula,NBP-C,171,28.22308,-113.18263,1:1,1:1,1:2,1:1,2:2,7:9,7:9,5:5
Peninsula,NBP-C,171,28.22308,-113.18263,1:1,1:3,1:1,1:1,2:2,8:8,9:9,5:7
Peninsula,NBP-C,171,28.22308,-113.18263,1:1,1:1,1:1,1:1,2:2,7:7,9:9,5:5
Peninsula,NBP-C,171,28.22308,-113.18263,1:1,1:3,1:1,1:1,2:2,9:9,9:9,7:7
Peninsula,NBP-C,171,28.22308,-113.18263,1:1,1:3,3:3,1:1,2:2,8:8,9:9,5:5
Peninsula,NBP-C,171,28.22308,-113.18263,1:2,3:3,1:1,1:1,1:2,7:8,9:9,7:7
Peninsula,NBP-C,171,28.22308,-113.18263,1:2,1:3,1:1,1:1,2:2,8:8,7:9,7:7
Peninsula,NBP-C,171,28.22308,-113.18263,1:1,1:3,1:1,1:1,1:2,8:9,9:9,7:7
Peninsula,NBP-C,171,28.22308,-113.18263,1:1,1:3,1:1,1:1,2:2,8:8,9:9,5:7
Peninsula,NBP-C,89,28.03661,-113.39991,1:1,3:3,1:3,1:1,2:2,7:9,9:10,5:7
Peninsula,NBP-C,89,28.03661,-113.39991,1:1,3:3,1:1,1:1,2:2,9:9,9:10,5:7
Peninsula,NBP-C,89,28.03661,-113.39991,1:1,3:3,3:3,1:1,2:2,8:9,7:9,7:8
Peninsula,NBP-C,89,28.03661,-113.39991,1:2,3:3,1:1,1:1,,7:10,9:9,7:7
Peninsula,NBP-C,89,28.03661,-113.39991,1:1,3:3,3:5,1:1,2:2,7:8,7:9,5:7
Peninsula,NBP-C,89,28.03661,-113.39991,1:1,3:3,1:1,1:1,2:2,8:9,7:7,5:7
Peninsula,NBP-C,89,28.03661,-113.39991,1:2,3:3,1:1,1:1,2:2,7:9,7:9,5:7
Peninsula,NBP-C,89,28.03661,-113.39991,1:1,3:3,1:1,1:1,2:2,7:9,9:9,5:7
Peninsula,NBP-C,89,28.03661,-113.39991,1:1,3:3,1:1,1:1,2:2,7:7,7:9,5:7
Peninsula,NBP-C,89,28.03661,-113.39991,1:1,1:3,1:1,1:1,2:2,7:7,9:9,7:7
Peninsula,NBP-C,159,27.52944,-113.31609,1:1,1:3,1:3,1:1,2:2,8:9,9:9,5:7
Peninsula,NBP-C,159,27.52944,-113.31609,1:1,1:3,2:5,1:1,2:2,7:8,9:9,4:7
Peninsula,NBP-C,159,27.52944,-113.31609,1:1,1:3,1:1,1:1,2:2,7:8,7:9,5:7
Peninsula,NBP-C,159,27.52944,-113.31609,1:1,1:3,1:1,1:1,2:2,8:11,7:9,5:7
Peninsula,NBP-C,159,27.52944,-113.31609,1:2,1:3,1:1,1:1,2:2,8:8,9:9,4:7
Peninsula,NBP-C,159,27.52944,-113.31609,1:2,3:3,1:1,1:1,2:2,7:8,9:9,5:7
Peninsula,NBP-C,159,27.52944,-113.31609,1:1,3:3,1:1,1:2,2:2,8:9,9:9,5:7
Peninsula,NBP-C,159,27.52944,-113.31609,1:1,3:3,1:1,1:1,2:2,8:9,9:9,5:7
Peninsula,NBP-C,159,27.52944,-113.31609,1:1,3:3,3:3,1:1,2:2,8:8,7:9,5:7
Peninsula,CBP-C,SFr,27.3632,-112.964,1:1,3:3,1:1,1:2,2:2,7:7,5:5,5:7
Peninsula,CBP-C,SFr,27.3632,-112.964,1:1,3:3,1:1,2:2,2:2,6:8,5:5,5:7
Peninsula,CBP-C,SFr,27.3632,-112.964,1:2,3:3,1:1,1:2,2:2,8:9,5:5,7:7
Peninsula,CBP-C,SFr,27.3632,-112.964,1:1,3:3,1:1,1:2,1:2,7:8,5:5,6:7
Peninsula,CBP-C,SFr,27.3632,-112.964,1:2,3:3,1:1,1:2,2:2,7:7,5:5,5:5
Peninsula,CBP-C,SFr,27.3632,-112.964,2:2,3:3,1:1,2:2,2:2,6:7,5:5,7:7
Peninsula,CBP-C,SFr,27.3632,-112.964,1:1,1:3,1:1,1:2,2:2,9:9,5:5,5:7
Peninsula,CBP-C,SFr,27.3632,-112.964,1:1,1:3,1:1,1:2,2:2,8:8,5:5,7:8
Peninsula,CBP-C,SFr,27.3632,-112.964,1:1,3:3,1:1,2:2,2:2,7:7,5:5,7:7
Peninsula,CBP-C,160,27.40498,-112.52959,1:1,3:3,1:1,2:2,1:1,8:8,5:5,6:7
Peninsula,CBP-C,160,27.40498,-112.52959,1:1,3:3,1:1,2:2,2:2,7:9,5:7,5:6
Peninsula,CBP-C,160,27.40498,-112.52959,1:2,3:3,1:1,2:2,2:2,9:9,5:5,5:5
Peninsula,CBP-C,160,27.40498,-112.52959,1:1,3:3,1:1,1:1,2:2,9:9,5:5,5:7
Peninsula,CBP-C,160,27.40498,-112.52959,1:1,1:3,1:1,2:2,2:2,2:9,5:5,4:8
Peninsula,CBP-C,160,27.40498,-112.52959,1:2,3:3,1:1,2:2,2:2,7:7,5:5,5:5
Peninsula,CBP-C,160,27.40498,-112.52959,1:1,1:4,1:1,1:1,2:2,8:8,5:5,5:6
Peninsula,CBP-C,160,27.40498,-112.52959,2:2,3:3,1:1,2:2,1:2,7:8,5:5,7:8
Peninsula,CBP-C,160,27.40498,-112.52959,1:1,1:1,1:1,1:1,2:2,6:7,5:5,5:5
Peninsula,CBP-C,160,27.40498,-112.52959,1:1,3:3,1:1,1:2,1:1,7:8,5:5,7:7
Peninsula,CBP-C,162,27.2028,-112.408,1:1,1:1,1:1,1:1,,7:7,5:5,6:6
Peninsula,CBP-C,162,27.2028,-112.408,1:1,1:3,1:1,1:1,2:2,7:13,5:5,5:5
Peninsula,CBP-C,162,27.2028,-112.408,1:1,3:3,1:1,1:2,2:2,8:8,5:5,7:7
Peninsula,CBP-C,162,27.2028,-112.408,1:2,1:1,1:1,2:2,,7:8,5:5,6:6
Peninsula,CBP-C,162,27.2028,-112.408,1:1,3:3,1:3,2:2,2:2,7:8,5:5,5:7
Peninsula,CBP-C,162,27.2028,-112.408,1:1,1:3,1:1,1:1,2:2,8:8,5:5,6:8
Peninsula,CBP-C,162,27.2028,-112.408,1:1,1:3,1:1,1:2,,7:7,5:7,5:6
Peninsula,CBP-C,162,27.2028,-112.408,1:1,3:3,1:1,2:2,1:2,8:8,5:5,5:7
Peninsula,CBP-C,162,27.2028,-112.408,1:1,1:1,1:1,2:2,2:2,7:7,5:5,5:7
Peninsula,CBP-C,162,27.2028,-112.408,1:1,1:3,1:1,1:1,2:2,5:7,5:5,5:6
Peninsula,CBP-C,12,27.18232,-112.66552,1:1,1:3,1:1,1:1,1:2,8:10,5:5,5:5
Peninsula,CBP-C,12,27.18232,-112.66552,1:2,1:3,1:1,2:2,2:2,7:7,5:5,5:7
Peninsula,CBP-C,12,27.18232,-112.66552,1:1,1:3,1:1,2:2,2:2,7:8,5:5,5:8
Peninsula,CBP-C,12,27.18232,-112.66552,1:1,3:3,1:1,2:2,1:2,8:8,5:5,4:6
Peninsula,CBP-C,12,27.18232,-112.66552,1:2,3:3,1:1,2:2,1:2,8:8,5:5,5:7
Peninsula,CBP-C,12,27.18232,-112.66552,1:1,1:3,1:1,2:2,2:2,8:8,5:5,7:7
Peninsula,CBP-C,12,27.18232,-112.66552,1:2,1:3,1:1,1:1,2:2,6:7,5:5,5:5
Peninsula,CBP-C,12,27.18232,-112.66552,1:1,3:3,1:1,1:1,1:2,1:7,5:5,7:8
Peninsula,CBP-C,12,27.18232,-112.66552,1:2,1:3,1:1,1:1,2:2,7:7,5:5,5:6
Peninsula,CBP-C,12,27.18232,-112.66552,1:1,3:3,1:1,1:2,2:2,8:8,5:5,5:5
Peninsula,CBP-C,161,27.0367,-112.986,1:1,3:3,1:1,1:2,2:2,7:9,5:5,5:7
Peninsula,CBP-C,161,27.0367,-112.986,1:1,1:3,1:1,1:2,2:2,8:9,5:5,4:6
Peninsula,CBP-C,161,27.0367,-112.986,1:1,3:3,1:1,1:2,2:2,7:8,5:5,6:7
Peninsula,CBP-C,161,27.0367,-112.986,1:1,3:3,1:1,1:2,,7:8,5:5,5:6
Peninsula,CBP-C,161,27.0367,-112.986,1:1,1:3,1:1,2:2,2:2,8:8,5:5,5:8
Peninsula,CBP-C,161,27.0367,-112.986,1:1,1:3,1:1,1:2,2:2,8:8,5:5,5:6
Peninsula,CBP-C,161,27.0367,-112.986,1:1,1:3,1:1,1:2,2:2,7:9,5:5,6:8
Peninsula,CBP-C,161,27.0367,-112.986,1:2,1:3,1:1,2:2,2:2,7:8,5:5,7:7
Peninsula,CBP-C,161,27.0367,-112.986,1:1,3:4,1:1,2:2,2:2,8:10,5:5,5:8
Peninsula,CBP-C,161,27.0367,-112.986,1:1,1:1,1:1,1:2,2:2,7:8,5:5,5:7
Peninsula,CBP-C,93,26.94589,-112.04613,1:2,3:3,1:1,1:1,2:2,7:7,5:5,7:8
Peninsula,CBP-C,93,26.94589,-112.04613,1:2,3:3,1:1,1:1,1:2,6:9,5:5,5:6
Peninsula,CBP-C,93,26.94589,-112.04613,1:1,3:3,1:1,1:2,2:2,7:9,5:5,5:7
Peninsula,CBP-C,93,26.94589,-112.04613,1:2,3:3,1:1,2:2,2:2,7:8,5:5,6:6
Peninsula,CBP-C,93,26.94589,-112.04613,1:1,1:3,1:1,1:2,2:2,8:8,5:5,6:7
Peninsula,CBP-C,93,26.94589,-112.04613,1:2,3:3,1:1,1:2,2:2,7:8,5:5,5:7
Peninsula,CBP-C,93,26.94589,-112.04613,1:1,3:3,1:1,1:2,2:2,8:8,5:5,5:5
Peninsula,CBP-C,93,26.94589,-112.04613,1:1,1:1,1:1,2:2,1:2,8:8,5:5,5:5
Peninsula,CBP-C,93,26.94589,-112.04613,1:2,3:3,1:1,1:1,,8:9,5:5,7:7
Peninsula,CBP-C,93,26.94589,-112.04613,1:2,1:1,1:1,2:2,,8:8,5:5,5:5
Peninsula,CBP-C,165,26.24905,-112.40948,1:1,3:3,1:1,1:2,2:2,8:8,5:5,6:6
Peninsula,CBP-C,165,26.24905,-112.40948,1:2,1:3,1:1,1:1,1:2,7:10,5:5,7:7
Peninsula,CBP-C,165,26.24905,-112.40948,1:1,1:1,1:4,2:2,2:2,7:8,5:5,5:7
Peninsula,CBP-C,165,26.24905,-112.40948,1:1,1:4,1:4,2:2,1:1,7:8,5:5,6:7
Peninsula,CBP-C,165,26.24905,-112.40948,1:2,1:1,1:1,1:1,2:2,7:8,5:5,5:7
Peninsula,CBP-C,165,26.24905,-112.40948,1:2,1:1,1:1,2:2,1:2,7:7,5:5,5:6
Peninsula,CBP-C,165,26.24905,-112.40948,2:2,1:4,1:1,2:2,2:2,8:8,5:5,5:8
Peninsula,CBP-C,165,26.24905,-112.40948,1:2,3:4,1:1,1:2,2:2,7:10,5:5,5:5
Peninsula,CBP-C,165,26.24905,-112.40948,1:1,1:3,1:1,2:2,1:2,8:8,5:5,5:6
Peninsula,CBP-C,165,26.24905,-112.40948,1:1,3:3,1:1,2:2,2:2,7:9,5:5,5:6
Peninsula,CBP-C,169,26.20876,-111.37833,1:1,1:4,1:1,2:2,2:2,7:7,5:5,5:5
Peninsula,CBP-C,169,26.20876,-111.37833,1:2,3:3,1:1,1:2,1:2,7:7,5:5,5:5
Peninsula,CBP-C,169,26.20876,-111.37833,1:2,3:3,1:1,2:2,2:2,7:8,5:5,5:7
Peninsula,CBP-C,169,26.20876,-111.37833,1:1,3:4,1:1,2:2,1:2,7:8,5:5,5:6
Peninsula,CBP-C,169,26.20876,-111.37833,1:1,1:3,1:1,1:2,2:2,7:9,5:5,5:5
Peninsula,CBP-C,169,26.20876,-111.37833,1:2,3:4,1:1,1:1,1:2,8:8,5:5,5:7
Peninsula,CBP-C,169,26.20876,-111.37833,1:1,3:3,1:1,1:2,1:2,8:9,5:5,5:7
Peninsula,CBP-C,169,26.20876,-111.37833,1:2,1:3,1:1,1:2,1:2,7:7,5:5,7:7
Peninsula,CBP-C,169,26.20876,-111.37833,1:2,1:3,1:1,1:2,2:2,7:8,5:5,5:8
Peninsula,CBP-C,169,26.20876,-111.37833,2:2,1:1,1:1,2:2,2:2,8:9,5:5,5:7
Peninsula,CBP-C,58,26.0155,-111.35475,2:2,3:3,1:1,2:2,2:2,7:7,5:5,5:7
Peninsula,CBP-C,58,26.0155,-111.35475,2:2,1:3,1:1,2:2,1:2,9:9,5:5,5:7
Peninsula,CBP-C,58,26.0155,-111.35475,1:2,1:3,1:1,2:2,1:2,8:8,5:5,5:5
Peninsula,CBP-C,58,26.0155,-111.35475,1:2,3:3,1:1,2:2,2:2,7:7,5:5,5:7
Peninsula,CBP-C,58,26.0155,-111.35475,1:2,3:3,1:1,2:2,1:2,8:8,5:5,5:7
Peninsula,CBP-C,58,26.0155,-111.35475,2:2,1:1,1:1,2:2,1:2,8:9,5:5,5:5
Peninsula,CBP-C,58,26.0155,-111.35475,2:2,3:3,1:1,2:2,2:2,7:7,5:5,5:8
Peninsula,CBP-C,58,26.0155,-111.35475,1:2,3:3,1:1,2:2,2:2,7:7,5:5,5:5
Peninsula,CBP-C,58,26.0155,-111.35475,2:2,3:3,1:1,2:2,2:2,7:8,5:5,5:7
Peninsula,CBP-C,166,25.91409,-112.08062,2:2,1:3,1:1,1:1,2:2,7:9,5:5,5:5
Cape,SCBP-A,166,25.91409,-112.08062,1:1,2:2,1:2,1:1,2:2,3:4,3:3,18:18
Peninsula,CBP-C,166,25.91409,-112.08062,1:1,3:3,1:1,2:2,2:2,5:9,5:5,5:8
Peninsula,CBP-C,166,25.91409,-112.08062,1:1,1:3,1:1,2:2,2:2,7:8,5:5,6:6
Peninsula,CBP-C,166,25.91409,-112.08062,1:1,1:3,1:1,2:2,1:1,8:8,5:5,5:5
Cape,SCBP-A,166,25.91409,-112.08062,2:2,2:2,2:2,1:1,2:2,4:4,3:3,18:18
Peninsula,CBP-C,166,25.91409,-112.08062,1:2,3:3,1:1,2:2,2:2,7:8,5:5,5:8
Peninsula,CBP-C,166,25.91409,-112.08062,1:2,3:3,1:1,2:2,2:2,7:8,5:5,5:7
Peninsula,CBP-C,166,25.91409,-112.08062,1:1,3:3,1:1,2:2,2:2,5:5,5:5,5:7
Peninsula,CBP-C,166,25.91409,-112.08062,1:1,3:3,1:1,2:2,1:2,7:7,5:5,5:5
Peninsula,CBP-C,64,25.60521,-111.32638,1:2,3:3,1:1,2:2,1:2,7:7,5:5,7:7
Peninsula,CBP-C,64,25.60521,-111.32638,1:1,1:3,1:1,2:2,1:2,7:7,5:5,7:7
Peninsula,CBP-C,64,25.60521,-111.32638,1:1,1:3,1:1,2:2,1:1,6:6,5:5,7:7
Peninsula,CBP-C,64,25.60521,-111.32638,1:1,1:3,1:1,2:2,1:2,6:8,5:5,7:7
Peninsula,CBP-C,64,25.60521,-111.32638,2:2,1:3,1:1,2:2,1:1,7:7,5:5,7:7
Peninsula,CBP-C,168,25.55757,-111.21563,1:1,3:3,1:1,2:2,1:1,7:8,5:5,5:7
Peninsula,CBP-C,168,25.55757,-111.21563,1:1,1:3,1:1,2:2,1:1,7:9,5:5,6:7
Peninsula,CBP-C,168,25.55757,-111.21563,1:2,3:3,1:4,2:2,1:1,7:7,5:5,6:6
Peninsula,CBP-C,168,25.55757,-111.21563,1:2,3:3,1:4,2:2,1:2,7:8,5:5,7:7
Peninsula,CBP-C,168,25.55757,-111.21563,1:2,3:3,1:1,2:2,1:2,7:9,5:5,6:7
Peninsula,CBP-C,168,25.55757,-111.21563,1:1,3:3,1:1,2:2,1:1,8:8,5:5,5:6
Peninsula,CBP-C,168,25.55757,-111.21563,1:1,3:4,1:1,2:2,1:1,8:8,5:5,5:7
Peninsula,CBP-C,168,25.55757,-111.21563,1:1,3:4,1:1,2:2,1:2,7:9,5:5,7:7
Peninsula,CBP-C,168,25.55757,-111.21563,1:2,1:3,1:1,2:2,2:2,8:8,5:5,5:5
Peninsula,CBP-C,168,25.55757,-111.21563,1:2,1:3,1:1,2:2,1:2,7:7,5:5,6:6
Peninsula,CBP-C,51,25.34819,-111.60056,2:2,3:5,1:1,2:2,1:2,8:8,5:5,5:5
Peninsula,CBP-C,51,25.34819,-111.60056,2:2,3:5,1:1,2:2,2:2,6:7,5:5,5:7
Peninsula,CBP-C,51,25.34819,-111.60056,2:2,3:4,1:1,2:2,1:2,8:8,5:5,5:6
Peninsula,CBP-C,51,25.34819,-111.60056,1:2,3:3,1:1,2:2,1:2,7:8,5:5,5:5
Peninsula,CBP-C,51,25.34819,-111.60056,2:2,3:3,1:1,2:2,1:2,7:7,5:5,5:5
Peninsula,CBP-C,51,25.34819,-111.60056,1:2,3:3,1:1,2:2,1:2,8:8,5:5,5:7
Peninsula,CBP-C,51,25.34819,-111.60056,2:2,3:3,1:1,2:2,1:2,8:8,5:5,5:5
Cape,SCBP-A,Const,25.0247,-111.675,1:2,2:2,2:2,1:1,2:2,4:4,3:3,18:18
Cape,SCBP-A,Const,25.0247,-111.675,2:2,2:2,1:1,1:1,2:2,3:3,3:3,19:19
Cape,SCBP-A,Const,25.0247,-111.675,2:2,2:2,1:1,1:1,2:2,4:4,3:3,18:18
Peninsula,CBP-C,Const,25.0247,-111.675,2:2,1:1,1:1,1:1,1:2,8:8,5:5,5:7
Cape,SCBP-A,Const,25.0247,-111.675,1:2,1:1,1:1,1:2,,,9:9,18:18
Cape,SCBP-A,Const,25.0247,-111.675,2:2,2:2,2:2,1:1,2:2,4:4,3:3,18:19
Cape,SCBP-A,Const,25.0247,-111.675,2:2,2:2,1:2,1:1,2:2,3:4,3:3,18:18
Peninsula,CBP-C,Const,25.0247,-111.675,1:2,1:1,1:1,2:2,2:2,7:8,5:5,5:5
Cape,SCBP-A,Const,25.0247,-111.675,2:2,2:2,2:2,1:1,2:2,3:3,3:3,18:18
Cape,SCBP-A,Const,25.0247,-111.675,2:2,2:2,2:2,1:1,2:2,3:4,3:3,18:18
Peninsula,CBP-C,Const,25.0247,-111.675,1:2,1:4,1:1,1:2,1:2,8:8,5:5,5:5
Peninsula,CBP-C,77,24.87611,-110.69175,1:2,3:4,1:1,1:1,2:2,7:7,5:5,6:6
Peninsula,CBP-C,77,24.87611,-110.69175,1:1,3:3,1:1,2:2,2:2,7:7,5:5,5:6
Peninsula,CBP-C,77,24.87611,-110.69175,1:1,3:3,1:1,1:1,2:2,7:7,5:5,6:6
Cape,SCBP-A,77,24.87611,-110.69175,2:2,2:2,1:1,1:1,2:2,4:4,3:3,18:18
Peninsula,CBP-C,77,24.87611,-110.69175,1:2,3:3,1:1,1:2,2:2,7:8,5:5,5:6
Peninsula,CBP-C,77,24.87611,-110.69175,1:2,3:3,1:1,1:1,2:2,7:7,5:5,6:6
Peninsula,CBP-C,77,24.87611,-110.69175,2:2,3:3,1:1,2:2,2:2,7:8,5:5,5:6
Peninsula,CBP-C,77,24.87611,-110.69175,1:1,3:3,1:1,1:1,2:2,7:8,5:5,6:7
Peninsula,CBP-C,77,24.87611,-110.69175,1:1,3:3,1:1,1:1,2:2,7:7,5:5,6:6
Peninsula,CBP-C,77,24.87611,-110.69175,1:2,3:3,1:1,1:1,2:2,9:9,5:5,5:6
Cape,SCBP-A,164,24.74642,-111.5441,1:1,1:2,1:2,1:1,2:2,3:4,3:3,18:18
Peninsula,CBP-C,164,24.74642,-111.5441,1:2,1:4,1:1,2:2,2:2,8:8,5:5,5:6
Cape,SCBP-A,164,24.74642,-111.5441,2:2,2:2,2:2,1:1,2:2,3:5,3:3,18:18
Peninsula,CBP-C,164,24.74642,-111.5441,2:2,1:1,1:1,1:2,1:1,8:8,5:5,5:5
Peninsula,CBP-C,164,24.74642,-111.5441,2:2,1:4,1:1,1:1,1:2,7:8,5:5,5:5
Peninsula,CBP-C,164,24.74642,-111.5441,2:2,1:1,1:1,2:2,1:1,7:8,5:5,5:5
Peninsula,CBP-C,164,24.74642,-111.5441,2:2,4:4,1:1,1:2,1:2,8:8,5:5,5:6
Peninsula,CBP-C,164,24.74642,-111.5441,1:2,1:3,1:1,2:2,1:2,8:8,5:5,5:5
Peninsula,CBP-C,164,24.74642,-111.5441,1:1,1:3,1:1,1:2,2:2,8:8,5:5,5:5
Peninsula,CBP-C,164,24.74642,-111.5441,1:2,4:4,1:1,2:2,1:2,8:8,5:5,5:5
Cape,SCBP-A,75,24.58843,-110.74599,2:2,2:2,1:1,1:1,2:2,5:5,3:3,18:19
Cape,SCBP-A,75,24.58843,-110.74599,1:2,,1:1,2:2,,,3:3,18:18
Cape,SCBP-A,75,24.58843,-110.74599,2:2,2:2,1:2,1:2,,,2:2,18:18
Cape,SCBP-A,75,24.58843,-110.74599,2:2,2:2,1:2,1:1,2:2,4:4,3:3,18:18
Cape,SCBP-A,75,24.58843,-110.74599,2:2,2:2,1:2,1:1,2:2,5:5,3:3,17:18
Cape,SCBP-A,75,24.58843,-110.74599,2:2,2:2,1:2,1:1,2:2,5:5,3:3,17:17
Cape,SCBP-A,75,24.58843,-110.74599,1:2,2:2,1:1,1:2,,,3:3,17:18
Cape,SCBP-A,75,24.58843,-110.74599,2:2,2:2,1:2,1:1,2:2,4:4,3:3,17:17
Cape,SCBP-A,75,24.58843,-110.74599,2:2,2:2,1:2,1:1,2:2,5:5,3:3,18:18
Peninsula,SBP-C,75,24.58843,-110.74599,2:2,3:3,1:1,1:1,2:2,6:6,8:8,10:10
Cape,SCBP-A,75,24.58843,-110.74599,2:2,2:2,1:2,1:1,2:2,4:4,3:3,18:18
Cape,SCBP-A,163,24.2115,-110.951,2:2,2:2,2:2,1:1,2:2,3:5,3:3,18:18
Peninsula,SBP-C,163,24.2115,-110.951,2:2,3:3,1:1,1:1,2:2,6:6,8:8,10:11
Peninsula,SBP-C,163,24.2115,-110.951,2:2,3:3,1:1,1:1,2:2,6:6,8:8,11:11
Peninsula,SBP-C,163,24.2115,-110.951,2:2,3:3,1:1,1:1,2:2,6:6,8:8,11:11
Peninsula,SBP-C,163,24.2115,-110.951,2:2,3:3,1:1,1:1,2:2,6:6,8:8,11:11
Cape,SCBP-A,163,24.2115,-110.951,1:2,2:2,2:2,1:1,2:2,3:5,3:3,18:18
Peninsula,SBP-C,163,24.2115,-110.951,2:2,3:3,1:1,1:1,2:2,6:6,8:8,11:11
Peninsula,SBP-C,163,24.2115,-110.951,2:2,3:3,1:1,1:1,2:2,6:6,8:8,10:11
Cape,SCBP-A,163,24.2115,-110.951,1:2,2:2,2:2,1:1,2:2,3:3,3:3,18:18
Peninsula,SBP-C,163,24.2115,-110.951,2:2,3:3,1:1,1:1,2:2,6:6,8:8,11:11
Peninsula,SBP-C,ESan,24.45879,-110.36857,2:2,3:3,1:1,1:1,2:2,6:6,5:5,11:11
Cape,SCBP-A,ESan,24.45879,-110.36857,2:2,2:2,2:2,1:1,2:2,4:4,3:3,18:18
Cape,SCBP-A,ESan,24.45879,-110.36857,2:2,2:2,2:2,1:1,2:2,5:5,3:3,18:18
Peninsula,SBP-C,ESan,24.45879,-110.36857,2:2,3:3,1:1,1:1,2:2,6:6,8:8,10:11
Cape,SCBP-A,ESan,24.45879,-110.36857,2:2,2:2,2:2,1:1,2:2,4:4,3:3,18:18
Cape,SCBP-A,ESan,24.45879,-110.36857,2:2,2:2,1:2,1:1,2:2,4:4,3:3,18:18
Cape,SCBP-A,ESan,24.45879,-110.36857,2:2,1:2,1:2,1:1,2:2,4:4,3:3,18:18
Cape,SCBP-A,ESan,24.45879,-110.36857,2:2,1:2,1:2,1:1,2:2,4:4,3:3,17:17
Peninsula,CBP-C,153,24.13389,-110.46236,2:2,1:3,1:1,2:2,1:1,7:8,5:5,7:7
Peninsula,CBP-C,153,24.13389,-110.46236,2:2,3:3,1:1,2:2,2:2,7:7,5:5,5:5
Peninsula,CBP-C,153,24.13389,-110.46236,2:2,1:3,1:1,2:2,2:2,7:9,5:5,5:5
Peninsula,CBP-C,153,24.13389,-110.46236,1:2,1:3,1:1,2:2,2:2,7:7,5:5,5:5
Peninsula,CBP-C,153,24.13389,-110.46236,2:2,3:3,1:1,2:2,2:2,7:7,5:5,5:5
Peninsula,CBP-C,153,24.13389,-110.46236,1:2,1:3,1:1,2:2,2:2,7:7,5:5,5:7
Peninsula,CBP-C,153,24.13389,-110.46236,2:2,1:3,1:1,2:2,2:2,8:8,5:5,5:5
Peninsula,CBP-C,153,24.13389,-110.46236,2:2,1:3,1:1,2:2,2:2,8:8,5:5,5:5
Peninsula,CBP-C,153,24.13389,-110.46236,2:2,1:3,1:1,2:2,2:2,7:8,5:5,5:8
Peninsula,CBP-C,153,24.13389,-110.46236,1:2,1:3,1:1,2:2,2:2,7:8,5:5,5:6
Cape,SCBP-A,48,24.21441,-110.27252,2:2,2:2,2:2,1:1,2:2,4:4,3:3,18:18
Cape,SCBP-A,48,24.21441,-110.27252,2:2,2:2,2:2,1:1,2:2,4:4,1:1,17:17
Cape,SCBP-A,48,24.21441,-110.27252,2:2,2:2,2:2,1:1,2:2,4:4,3:3,18:18
Cape,SCBP-A,48,24.21441,-110.27252,2:2,2:2,2:2,1:1,2:2,4:4,3:3,18:18
Cape,SCBP-A,48,24.21441,-110.27252,2:2,2:2,2:2,1:1,2:2,4:4,3:3,18:18
Cape,SCBP-A,48,24.21441,-110.27252,2:2,2:2,2:2,1:1,2:2,4:4,3:3,18:18
Cape,SCBP-A,48,24.21441,-110.27252,2:2,2:2,2:2,1:1,2:2,4:4,3:3,17:18
Cape,SCBP-A,48,24.21441,-110.27252,2:2,2:2,2:2,1:1,2:2,4:4,3:3,17:17
Cape,SCBP-A,48,24.21441,-110.27252,2:2,2:2,2:2,1:1,2:2,5:5,3:3,18:18
Cape,SCBP-A,48,24.21441,-110.27252,2:2,2:2,2:2,1:1,2:2,4:4,3:3,18:18
Cape,SCBP-A,156,24.0438,-109.989,2:2,2:2,2:2,1:1,2:2,5:5,3:3,18:18
Cape,SCBP-A,156,24.0438,-109.989,2:2,2:2,1:2,1:1,2:2,4:4,3:3,17:17
Cape,SCBP-A,156,24.0438,-109.989,2:2,2:2,1:2,1:1,2:2,4:4,3:6,18:18
Cape,SCBP-A,156,24.0438,-109.989,2:2,2:2,2:2,1:1,2:2,4:4,3:3,18:18
Cape,SCBP-A,156,24.0438,-109.989,2:2,1:1,2:2,1:1,2:2,4:4,3:3,16:17
Cape,SCBP-A,156,24.0438,-109.989,2:2,2:2,2:2,1:1,2:2,5:5,3:3,17:18
Cape,SCBP-A,157,24.0195,-110.096,2:2,2:2,2:2,1:1,2:2,5:5,3:3,17:18
Cape,SCBP-A,157,24.0195,-110.096,2:2,2:2,1:2,1:1,2:2,4:4,3:3,17:18
Peninsula,SBP-C,157,24.0195,-110.096,2:2,1:3,1:1,1:1,2:2,6:6,5:5,11:11
Cape,SCBP-A,157,24.0195,-110.096,2:2,2:2,1:2,1:1,2:2,4:4,3:6,17:17
Cape,SCBP-A,157,24.0195,-110.096,2:2,2:2,1:2,1:1,2:2,4:4,3:6,18:18
Peninsula,SBP-C,157,24.0195,-110.096,2:2,3:3,1:1,1:1,2:2,6:6,5:7,11:11
Cape,SCBP-A,157,24.0195,-110.096,2:2,2:2,1:2,1:1,2:2,4:4,3:3,18:18
Cape,SCBP-A,157,24.0195,-110.096,2:2,2:2,1:2,1:1,2:2,4:4,3:3,18:18
Cape,SCBP-A,157,24.0195,-110.096,2:2,2:2,2:2,1:1,2:2,4:4,3:3,17:18
Cape,SCBP-A,157,24.0195,-110.096,2:2,2:2,2:2,1:1,2:2,4:4,3:3,17:17
Peninsula,SBP-C,73,24.00789,-109.85071,2:2,3:3,1:1,1:1,2:2,6:7,5:5,11:11
Cape,SCBP-A,73,24.00789,-109.85071,2:2,2:2,1:2,1:1,2:2,4:4,3:3,18:18
Cape,SCBP-A,73,24.00789,-109.85071,2:2,2:2,1:2,1:1,2:2,5:5,3:3,18:19
Cape,SCBP-A,73,24.00789,-109.85071,2:2,2:2,1:2,1:1,2:2,5:5,3:3,17:17
Cape,SCBP-A,73,24.00789,-109.85071,2:2,2:2,1:2,1:1,,5:5,3:3,18:18
Peninsula,SBP-C,73,24.00789,-109.85071,2:2,3:3,1:1,1:1,2:2,6:7,5:5,10:11
Cape,SCBP-A,73,24.00789,-109.85071,2:2,2:2,1:2,1:1,2:2,4:4,3:3,18:18
Cape,SCBP-A,73,24.00789,-109.85071,2:2,2:2,1:2,1:1,2:2,4:4,3:3,18:18
Cape,SCBP-A,73,24.00789,-109.85071,2:2,2:2,1:2,1:1,2:2,5:5,3:3,18:18
Cape,SCBP-A,73,24.00789,-109.85071,2:2,2:2,1:2,1:1,2:2,5:5,3:3,18:18
Cape,SCBP-A,Aqu,23.2855,-110.10429,1:2,2:2,1:2,1:1,2:2,5:5,3:3,18:18
Peninsula,SBP-C,Aqu,23.2855,-110.10429,2:2,3:3,1:1,1:1,2:2,6:6,5:5,11:11
Peninsula,SBP-C,Aqu,23.2855,-110.10429,2:2,3:3,1:1,1:1,2:2,6:6,5:5,10:10
Cape,SCBP-A,Aqu,23.2855,-110.10429,1:2,2:2,1:1,1:1,2:2,4:4,3:3,18:19
Cape,SCBP-A,Aqu,23.2855,-110.10429,2:2,2:2,2:2,1:1,2:2,4:4,3:3,18:18
Peninsula,CBP-C,Aqu,23.2855,-110.10429,1:2,,,1:2,,,2:2,
Cape,SCBP-A,Aqu,23.2855,-110.10429,2:2,2:2,2:2,1:1,2:2,4:4,3:3,18:18
Peninsula,SBP-C,Aqu,23.2855,-110.10429,2:2,3:3,1:1,1:1,2:2,5:6,5:5,11:11
Cape,SCBP-A,Mat,23.08984,-110.1091,2:2,1:1,2:2,1:1,2:2,4:4,3:3,18:18
Cape,SCBP-A,Mat,23.08984,-110.1091,2:2,1:2,2:2,1:1,2:2,4:4,3:3,18:18
Cape,SCBP-A,Mat,23.08984,-110.1091,2:2,1:1,2:2,1:1,2:2,5:5,3:3,17:18
Cape,SCBP-A,Mat,23.08984,-110.1091,2:2,1:1,2:2,1:1,2:2,5:5,3:3,18:18
Peninsula,CBP-C,Mat,23.08984,-110.1091,1:2,,,1:2,,,5:5,
Peninsula,SBP-C,98,23.0757,-109.64869,2:2,3:3,1:1,1:1,2:2,6:6,5:5,10:11
Cape,SCBP-A,98,23.0757,-109.64869,2:2,1:1,2:2,1:1,2:2,5:5,3:3,18:18
Cape,SCBP-A,98,23.0757,-109.64869,2:2,1:1,2:2,1:1,2:2,5:5,3:3,18:18
Cape,SCBP-A,98,23.0757,-109.64869,2:2,1:1,2:2,1:1,2:2,5:5,3:3,18:18
Mainland,SON-B,101,27.90509,-110.57436,1:2,,1:1,,,,2:2,
Mainland,SON-B,101,27.90509,-110.57436,2:2,1:1,1:1,1:1,,,2:2,13:13
Mainland,SON-B,101,27.90509,-110.57436,1:2,,1:1,1:2,,,9:9,
Mainland,SON-B,101,27.90509,-110.57436,2:2,1:1,3:3,1:2,1:1,11:11,2:2,13:14
Mainland,SON-B,101,27.90509,-110.57436,1:2,1:1,1:1,1:2,,8:8,4:4,12:12
Mainland,SON-B,101,27.90509,-110.57436,1:2,1:1,3:3,1:2,,,2:2,12:12
Mainland,SON-B,101,27.90509,-110.57436,2:2,1:1,3:3,1:1,,,2:2,2:12
Mainland,SON-B,101,27.90509,-110.57436,1:2,,1:1,,,,2:9,
Mainland,SON-B,101,27.90509,-110.57436,2:2,1:1,1:3,1:1,,,2:9,11:12
Mainland,SON-B,32,26.63783,-109.327,1:2,1:3,1:1,1:2,2:2,,2:2,12:13
Mainland,SON-B,32,26.63783,-109.327,2:2,1:1,3:3,1:1,2:2,11:11,2:4,13:13
Mainland,SON-B,32,26.63783,-109.327,2:2,1:1,3:4,1:1,2:2,11:11,2:2,3:12
Mainland,SON-B,32,26.63783,-109.327,1:2,1:1,3:3,1:1,2:2,11:11,2:2,3:13
Mainland,SON-B,32,26.63783,-109.327,2:2,1:1,3:3,1:1,2:2,11:11,2:2,12:12
Mainland,SON-B,32,26.63783,-109.327,2:2,1:1,3:3,1:1,2:2,11:11,2:2,12:13
Mainland,SON-B,32,26.63783,-109.327,1:2,1:1,3:3,1:1,2:2,11:11,2:2,2:14
Mainland,SON-B,32,26.63783,-109.327,2:2,1:1,3:3,1:1,2:2,12:12,2:3,12:12
Mainland,SON-B,32,26.63783,-109.327,2:2,1:1,3:3,1:1,2:2,12:12,2:2,13:13
Mainland,SON-B,32,26.63783,-109.327,2:2,1:1,3:3,1:1,2:2,11:11,2:2,2:10
Mainland,SON-B,32,26.63783,-109.327,1:1,1:1,3:4,1:1,2:2,12:12,2:2,11:13
Mainland,SON-B,32,26.63783,-109.327,1:2,1:1,3:4,1:1,2:2,8:12,2:4,1:12
Mainland,SON-B,32,26.63783,-109.327,1:2,1:1,4:4,1:1,2:2,11:11,2:2,3:13
Mainland,SON-B,32,26.63783,-109.327,2:2,1:1,3:4,1:1,2:2,10:11,2:2,11:11
Mainland,SON-B,32,26.63783,-109.327,1:2,1:1,3:3,1:1,2:2,12:12,2:2,10:13
Mainland,SON-B,32,26.63783,-109.327,2:2,1:1,3:3,1:1,2:2,12:12,2:2,2:10
Mainland,SON-B,32,26.63783,-109.327,1:2,1:1,3:4,1:1,2:2,8:11,2:2,2:14
Mainland,SON-B,32,26.63783,-109.327,2:2,1:1,3:3,1:1,2:2,11:11,2:2,3:13
Mainland,SON-B,32,26.63783,-109.327,2:2,1:1,3:4,1:1,2:2,11:11,2:2,11:12
Mainland,SON-B,102,26.38014,-109.12633,2:2,,1:3,1:2,,,2:9,9:9
Mainland,SON-B,102,26.38014,-109.12633,1:2,1:1,3:3,1:2,,,2:2,3:12
Mainland,SON-B,102,26.38014,-109.12633,1:2,,,1:2,,,2:2,2:5
Mainland,SON-B,102,26.38014,-109.12633,1:2,1:1,3:3,1:1,,,2:2,11:12
Mainland,SON-B,102,26.38014,-109.12633,1:2,,3:3,1:2,,11:11,2:2,11:13
Mainland,SON-B,102,26.38014,-109.12633,2:2,1:1,1:1,1:1,,,2:2,12:12
Mainland,SON-B,102,26.38014,-109.12633,1:2,1:1,3:3,1:2,,,2:2,12:12
Mainland,SON-B,102,26.38014,-109.12633,2:2,1:1,3:3,1:2,,,2:2,3:13
